INSERT INTO public.gift_certificate (id, name, description, price, creation_date, modification_date, duration) VALUES (2, 'SWIMMING POOL', 'Certificate for swimming pool', 150, '2018-07-09', null, 30);
INSERT INTO public.gift_certificate (id, name, description, price, creation_date, modification_date, duration) VALUES (3, 'SPA PROCEDURE', 'Any spa procedure in GREEN SPA COMPLECS', 120, '2018-04-17', '2018-07-24', 100);
INSERT INTO public.gift_certificate (id, name, description, price, creation_date, modification_date, duration) VALUES (4, 'EXCLUSIVE PHOTOGRAPY', 'This is certificate for exclusive photographic session ', 500, '2018-05-31', null, 25);
INSERT INTO public.gift_certificate (id, name, description, price, creation_date, modification_date, duration) VALUES (5, 'BURGER KING', 'You abble to buy the best burger in the city ', 10, '2018-07-31', null, 15);
INSERT INTO public.gift_certificate (id, name, description, price, creation_date, modification_date, duration) VALUES (6, 'CASH MARKET', 'Buy goods on the 50 dollars and get back 25', 5, '2018-07-09', '2018-08-16', 30);
INSERT INTO public.gift_certificate (id, name, description, price, creation_date, modification_date, duration) VALUES (29, 'Lord of the rings', 'This certificate gives the right to watch the movie the lord of the rings together in any movie theater network silverScreen', 15, '2018-08-02', '2018-08-02', 20);
INSERT INTO public.gift_certificate (id, name, description, price, creation_date, modification_date, duration) VALUES (32, 'Pirates of Caribbean', 'This certificate gives the right to watch the movie Pirates of Caribbean together in any movie theater network silverScreen', 19, '2018-08-02', '2018-08-02', 23);
INSERT INTO public.gift_certificate (id, name, description, price, creation_date, modification_date, duration) VALUES (1, 'Pirates!', 'This certificate gives the right to watch the movie Pirates of Caribbean together in any movie theater network silverScreen', 19, '1970-03-04', '2018-08-04', 23);

INSERT INTO public.tag (id, name) VALUES (1, '#carwash');
INSERT INTO public.tag (id, name) VALUES (2, '#free');
INSERT INTO public.tag (id, name) VALUES (3, '#food');
INSERT INTO public.tag (id, name) VALUES (4, '#burger');
INSERT INTO public.tag (id, name) VALUES (5, '#cash');
INSERT INTO public.tag (id, name) VALUES (6, '#swimming');
INSERT INTO public.tag (id, name) VALUES (7, '#spa');
INSERT INTO public.tag (id, name) VALUES (8, '#photo');
INSERT INTO public.tag (id, name) VALUES (11, '#pizza');
INSERT INTO public.tag (id, name) VALUES (20, '#move');
INSERT INTO public.tag (id, name) VALUES (21, '#together');

INSERT INTO public.tag_for_gift_certificate (tag_id, gift_certificate_id) VALUES (20, 1);
INSERT INTO public.tag_for_gift_certificate (tag_id, gift_certificate_id) VALUES (6, 2);
INSERT INTO public.tag_for_gift_certificate (tag_id, gift_certificate_id) VALUES (7, 3);
INSERT INTO public.tag_for_gift_certificate (tag_id, gift_certificate_id) VALUES (8, 4);
INSERT INTO public.tag_for_gift_certificate (tag_id, gift_certificate_id) VALUES (4, 5);
INSERT INTO public.tag_for_gift_certificate (tag_id, gift_certificate_id) VALUES (3, 5);
INSERT INTO public.tag_for_gift_certificate (tag_id, gift_certificate_id) VALUES (5, 6);
INSERT INTO public.tag_for_gift_certificate (tag_id, gift_certificate_id) VALUES (2, 6);
INSERT INTO public.tag_for_gift_certificate (tag_id, gift_certificate_id) VALUES (21, 1);
INSERT INTO public.tag_for_gift_certificate (tag_id, gift_certificate_id) VALUES (20, 29);
INSERT INTO public.tag_for_gift_certificate (tag_id, gift_certificate_id) VALUES (21, 29);
INSERT INTO public.tag_for_gift_certificate (tag_id, gift_certificate_id) VALUES (20, 32);
INSERT INTO public.tag_for_gift_certificate (tag_id, gift_certificate_id) VALUES (21, 32);

INSERT INTO public.order_ (id, user_name, time_stamp, cost) VALUES (120, 'user', '2018-08-22 15:11:30.964000', 23);
INSERT INTO public.order_ (id, user_name, time_stamp, cost) VALUES (122, 'user', '2018-08-22 15:18:42.624000', 44);
INSERT INTO public.order_ (id, user_name, time_stamp, cost) VALUES (7, 'user2', '2018-08-22 12:52:33.752000', 666);
INSERT INTO public.order_ (id, user_name, time_stamp, cost) VALUES (8, 'user2', '2018-08-22 12:52:34.633000', 27);
INSERT INTO public.order_ (id, user_name, time_stamp, cost) VALUES (9, 'user2', '2018-08-22 12:52:35.551000', 64);
INSERT INTO public.order_ (id, user_name, time_stamp, cost) VALUES (10, 'user2', '2018-08-22 12:52:37.230000', 23);
INSERT INTO public.order_ (id, user_name, time_stamp, cost) VALUES (11, 'user3', '2018-08-22 12:52:36.539000', 75);
INSERT INTO public.order_ (id, user_name, time_stamp, cost) VALUES (12, 'user5', '2018-08-22 12:52:40.598000', 65);
INSERT INTO public.order_ (id, user_name, time_stamp, cost) VALUES (13, 'user6', '2018-08-22 12:52:42.494000', 244);
INSERT INTO public.order_ (id, user_name, time_stamp, cost) VALUES (14, 'user5', '2018-08-22 12:52:41.741000', 800);
INSERT INTO public.order_ (id, user_name, time_stamp, cost) VALUES (15, 'user5', '2018-08-22 12:52:43.411000', 705);
INSERT INTO public.order_ (id, user_name, time_stamp, cost) VALUES (16, 'user2', '2018-08-22 12:52:44.922000', 66);
INSERT INTO public.order_ (id, user_name, time_stamp, cost) VALUES (17, 'user4', '2018-08-22 12:52:46.020000', 59);
INSERT INTO public.order_ (id, user_name, time_stamp, cost) VALUES (18, 'user8', '2018-08-22 12:52:46.775000', 100);
INSERT INTO public.order_ (id, user_name, time_stamp, cost) VALUES (19, 'user6', '2018-08-22 12:52:47.613000', 47);
INSERT INTO public.order_ (id, user_name, time_stamp, cost) VALUES (20, 'user7', '2018-08-22 12:52:48.372000', 400);
INSERT INTO public.order_ (id, user_name, time_stamp, cost) VALUES (21, 'user4', '2018-08-22 12:52:49.080000', 307);
INSERT INTO public.order_ (id, user_name, time_stamp, cost) VALUES (22, 'user7', '2018-08-22 12:52:50.560000', 46);
INSERT INTO public.order_ (id, user_name, time_stamp, cost) VALUES (23, 'user6', '2018-08-22 12:52:51.840000', 833);
INSERT INTO public.order_ (id, user_name, time_stamp, cost) VALUES (24, 'user12', '2018-08-22 12:52:52.842000', 17);
INSERT INTO public.order_ (id, user_name, time_stamp, cost) VALUES (25, 'user7', '2018-08-22 12:52:53.673000', 45);
INSERT INTO public.order_ (id, user_name, time_stamp, cost) VALUES (26, 'user9', '2018-08-22 12:52:54.453000', 57);
INSERT INTO public.order_ (id, user_name, time_stamp, cost) VALUES (27, 'user5', '2018-08-22 12:52:55.715000', 34);
INSERT INTO public.order_ (id, user_name, time_stamp, cost) VALUES (28, '123', '2018-08-22 19:52:04.409000', 20);
INSERT INTO public.order_ (id, user_name, time_stamp, cost) VALUES (29, '123', '2018-08-22 19:52:34.392000', 41);
INSERT INTO public.order_ (id, user_name, time_stamp, cost) VALUES (30, '123', '2018-08-22 19:52:36.422000', 50);
INSERT INTO public.order_ (id, user_name, time_stamp, cost) VALUES (2, 'user2', '2018-08-22 12:52:27.707000', 12.00);
INSERT INTO public.order_ (id, user_name, time_stamp, cost) VALUES (3, 'user2', '2018-08-22 12:52:29.569000', 44.00);
INSERT INTO public.order_ (id, user_name, time_stamp, cost) VALUES (4, 'user2', '2018-08-22 12:52:30.550000', 58.00);
INSERT INTO public.order_ (id, user_name, time_stamp, cost) VALUES (1, 'user2', '2018-08-22 12:52:25.628000', 9.00);
INSERT INTO public.order_ (id, user_name, time_stamp, cost) VALUES (5, 'user3', '2018-08-22 12:52:31.911000', 13.00);
INSERT INTO public.order_ (id, user_name, time_stamp, cost) VALUES (6, 'user3', '2018-08-22 12:52:32.777000', 1000.00);


INSERT INTO public.order_gift_certificate (order_id, gift_certificate_id) VALUES (28, 1);
INSERT INTO public.order_gift_certificate (order_id, gift_certificate_id) VALUES (29, 1);
INSERT INTO public.order_gift_certificate (order_id, gift_certificate_id) VALUES (30, 3);
INSERT INTO public.order_gift_certificate (order_id, gift_certificate_id) VALUES (1, 1);
INSERT INTO public.order_gift_certificate (order_id, gift_certificate_id) VALUES (2, 2);
INSERT INTO public.order_gift_certificate (order_id, gift_certificate_id) VALUES (3, 3);
INSERT INTO public.order_gift_certificate (order_id, gift_certificate_id) VALUES (4, 4);
INSERT INTO public.order_gift_certificate (order_id, gift_certificate_id) VALUES (6, 3);